<?xml version="1.0" encoding="utf-8"?><DOC xmlns:xsi="http://www.w3.org/2001/XMLSchema-instance" xsi:noNamespaceSchemaLocation="http://formex.publications.europa.eu/schema/formex-05.56-20160701.xd"><PUBLICATION.REF FILE="NA"><COLL>L</COLL><NO.OJ>119</NO.OJ><DATE ISO="20160504">20160504</DATE><LG.OJ>EN</LG.OJ></PUBLICATION.REF><FMX><DOC.MAIN.PUB NO.SEQ="0001" SYNOPTISM="D0001"><LG.DOC>EN</LG.DOC><LEGAL.VALUE>REG</LEGAL.VALUE><NO.CELEX>32016R0679</NO.CELEX><DATE ISO="20160427">20160427</DATE><PAGE.FIRST>1</PAGE.FIRST><PAGE.LAST>78</PAGE.LAST><PAGE.TOTAL>78</PAGE.TOTAL><PAGE.SEQ>1</PAGE.SEQ><REF.PHYS FILE="CL2016R0679EN0000020.0001.xml" TYPE="DOC.XML"/></DOC.MAIN.PUB></FMX><PAPER><VOLUME.PAPER><ITEM.VOLUME REF.NO.SEQ="0001"><TITLE ID.TITLE="T0001"><TI><P>Regulation (EU) 2016/679 of the European Parliament and of the Council of <DATE ISO="20160427">27 April 2016</DATE> on the protection of natural persons with regard to the processing of personal data and on the free movement of such data, and repealing Directive 95/46/EC (General Data Protection Regulation) (Text with EEA relevance)<NOTE NOTE.ID="E0001" NUMBERING="ARAB"><P>Text with EEA relevance</P></NOTE></P></TI></TITLE></ITEM.VOLUME></VOLUME.PAPER></PAPER><PDF><ITEM.VOLUME REF.NO.SEQ="0001"><TITLE REF.TITLE="T0001"/><ITEM.REF REF.PDF="CL2016R0679EN0000020.0001.pdf">1</ITEM.REF></ITEM.VOLUME></PDF></DOC>