<?xml version="1.0" encoding="UTF-8"?>
<DOC xmlns:xsi="http://www.w3.org/2001/XMLSchema-instance" xsi:noNamespaceSchemaLocation="http://formex.publications.europa.eu/schema/formex-06.00-20210715.xd"><BIB.DOC><PROD.ID>20240313003</PROD.ID><FIN.ID>483719</FIN.ID><NO.DOC FORMAT="YN" TYPE="OJ"><COM>EU</COM><YEAR>2024</YEAR><NO.CURRENT>903</NO.CURRENT></NO.DOC><DURAB TYPE="DUR"/><AUTHOR>EP</AUTHOR><AUTHOR>CONSIL</AUTHOR><AUTHOR>CONSIL</AUTHOR><NO.ELI ID="http://data.europa.eu/eli/reg/2024/903/oj">ELI:http://data.europa.eu/eli/reg/2024/903/oj</NO.ELI></BIB.DOC><PUBLICATION.REF FILE="L_202400903EN.toc.fmx.xml"><COLL>L</COLL><NO.DOC FORMAT="YN" TYPE="OJ"><COM>EU</COM><YEAR>2024</YEAR><NO.CURRENT>903</NO.CURRENT></NO.DOC><DATE ISO="20240322">20240322</DATE><LG.OJ>EN</LG.OJ><VOLUME.REF>01</VOLUME.REF></PUBLICATION.REF><FMX><DOC.MAIN.PUB NO.SEQ="0001" SYNOPTISM="D0001"><LG.DOC>EN</LG.DOC><LEGAL.VALUE>REG</LEGAL.VALUE><DATE ISO="20240313">20240313</DATE><PAGE.FIRST>1</PAGE.FIRST><PAGE.LAST>25</PAGE.LAST><PAGE.TOTAL>25</PAGE.TOTAL><PAGE.SEQ>1</PAGE.SEQ><REF.PHYS FILE="L_202400903EN.000101.fmx.xml" TYPE="DOC.XML"/></DOC.MAIN.PUB><DOC.SUB.PUB NO.SEQ="0001.0001" SYNOPTISM="D0001.0001" TYPE="ANNEX" IN.SUMMARY="NO"><PAGE.FIRST>26</PAGE.FIRST><PAGE.LAST>26</PAGE.LAST><PAGE.TOTAL>1</PAGE.TOTAL><PAGE.SEQ>1</PAGE.SEQ><REF.PHYS FILE="L_202400903EN.002601.fmx.xml" TYPE="DOC.XML"/></DOC.SUB.PUB></FMX><PAPER><VOLUME.PAPER><ITEM.VOLUME REF.NO.SEQ="0001"><TITLE REF.TITLE="T0001"/><ITEM.REF>1</ITEM.REF></ITEM.VOLUME></VOLUME.PAPER></PAPER><PDF><ITEM.VOLUME REF.NO.SEQ="0001"><TITLE ID.TITLE="T0001"><TI><P>Regulation (EU) 2024/903 of the European Parliament and of the Council of <DATE ISO="20240313">13 March 2024</DATE> laying down measures for a high level of public sector interoperability across the Union (Interoperable Europe Act)</P></TI></TITLE><ITEM.REF REF.PDF="L_202400903EN.pdf">1</ITEM.REF></ITEM.VOLUME></PDF></DOC>
