<?xml version="1.0" encoding="UTF-8"?>
<ANNEX xmlns:xsi="http://www.w3.org/2001/XMLSchema-instance" xsi:noNamespaceSchemaLocation="http://formex.publications.europa.eu/schema/formex-06.00-20210715.xd" NNC="YES"><BIB.INSTANCE><DOCUMENT.REF FILE="L_202400903EN.doc.fmx.xml"><COLL>L</COLL><NO.DOC FORMAT="YN" TYPE="OJ"><COM>EU</COM><YEAR>2024</YEAR><NO.CURRENT>903</NO.CURRENT></NO.DOC><LG.OJ>EN</LG.OJ><PAGE.FIRST>1</PAGE.FIRST><PAGE.SEQ>1</PAGE.SEQ><VOLUME.REF>01</VOLUME.REF></DOCUMENT.REF><DATE ISO="20240313">20240313</DATE><LG.DOC>EN</LG.DOC><NO.SEQ>0001.0001</NO.SEQ><PAGE.FIRST>26</PAGE.FIRST><PAGE.SEQ>1</PAGE.SEQ><PAGE.LAST>26</PAGE.LAST><PAGE.TOTAL>1</PAGE.TOTAL></BIB.INSTANCE><TITLE><TI><P>ANNEX</P></TI><STI><P>COMMON CHECKLIST FOR INTEROPERABILITY ASSESSMENT REPORTS</P></STI></TITLE><CONTENTS><P>The following items shall be included in the report referred to in Article 3(2):</P><LIST TYPE="ARAB"><ITEM><NP><NO.P>1.</NO.P><TXT>General Information</TXT><P><LIST TYPE="DASH"><ITEM><P>Union entity or public sector body providing the report and other relevant information</P></ITEM><ITEM><P>Initiative, project or action concerned</P></ITEM></LIST></P></NP></ITEM><ITEM><NP><NO.P>2.</NO.P><TXT>Requirements</TXT><P><LIST TYPE="DASH"><ITEM><P>Trans-European digital public services concerned</P></ITEM><ITEM><P>Binding requirements assessed</P></ITEM><ITEM><P>Public and private stakeholders affected</P></ITEM><ITEM><P>Identified effects on cross-border interoperability</P></ITEM></LIST></P></NP></ITEM><ITEM><NP><NO.P>3.</NO.P><TXT>Results</TXT><P><LIST TYPE="DASH"><ITEM><P>Interoperable Europe solutions identified for use</P></ITEM><ITEM><P>Other relevant interoperability solutions, where applicable, including machine-to-machine interfaces</P></ITEM><ITEM><P>Remaining barriers to cross-border interoperability</P></ITEM></LIST></P></NP></ITEM></LIST></CONTENTS></ANNEX>
